true_province,predicted_province,baseline_count,candidate_count,change_candidate_minus_baseline
73,38,48,38,-10
76,86,41,26,-15
84,71,34,31,-3
38,73,14,32,18
47,48,28,15,-13
43,86,19,28,9
76,77,11,27,16
23,28,23,27,4
24,21,14,23,9
48,47,10,22,12
97,11,22,11,-11
94,62,21,11,-10
43,78,7,21,14
94,69,16,20,4
15,14,20,10,-10
14,15,12,20,8
69,84,5,19,14
86,78,9,19,10
92,49,19,10,-9
68,66,19,11,-8
65,62,18,15,-3
78,77,18,0,-18
78,86,17,18,1
92,85,6,18,12
84,67,9,18,9
34,98,17,8,-9
94,83,17,0,-17
95,61,17,8,-9
74,38,17,12,-5
12,25,17,15,-2
84,70,16,4,-12
20,34,6,16,10
70,67,4,16,12
83,69,14,16,2
25,11,15,8,-7
97,27,15,4,-11
12,11,15,8,-7
17,27,14,1,-13
62,69,6,14,8
36,90,8,14,6
28,23,14,8,-6
90,28,12,14,2
69,67,4,14,10
21,22,14,5,-9
43,73,14,8,-6
71,67,0,13,13
68,93,13,8,-5
63,61,13,4,-9
77,86,13,1,-12
90,99,4,13,9
62,95,5,13,8
69,66,8,13,5
97,25,13,9,-4
67,70,13,8,-5
67,71,12,10,-2
24,11,12,5,-7
94,95,2,12,10
26,97,8,12,4
74,75,10,12,2
92,47,0,12,12
19,30,3,12,9
64,83,12,8,-4
49,81,12,8,-4
85,62,5,12,7
19,27,12,3,-9
84,62,9,12,3
22,97,10,12,2
86,77,12,1,-11
26,23,12,1,-11
64,67,1,11,10
68,62,11,11,0
88,19,11,8,-3
83,84,5,11,6
12,27,11,7,-4
43,77,11,3,-8
63,67,1,11,10
76,78,11,6,-5
19,22,11,8,-3
94,67,1,11,10
83,66,11,5,-6
18,21,11,3,-8
69,71,10,8,-2
21,26,10,10,0
65,70,10,5,-5
99,27,10,8,-2
81,59,10,0,-10
25,12,10,9,-1
63,59,1,10,9
36,99,10,2,-8
98,35,3,10,7
83,68,7,10,3
49,17,5,10,5
34,22,10,0,-10
64,59,10,9,-1
34,20,10,9,-1
20,30,5,10,5
84,83,6,10,4
75,74,10,5,-5
19,11,10,3,-7
70,84,4,10,6
88,26,5,10,5
93,17,9,6,-3
63,84,3,9,6
62,72,8,9,1
62,93,9,3,-6
11,24,2,9,7
21,24,8,9,1
90,97,9,6,-3
61,95,8,9,1
74,77,1,9,8
24,17,1,9,8
66,95,4,9,5
11,99,3,9,6
30,20,9,2,-7
79,47,5,9,4
95,62,9,6,-3
11,19,9,4,-5
24,23,5,9,4
93,47,6,9,3
21,11,4,9,5
37,74,7,9,2
67,79,9,3,-6
68,70,9,4,-5
36,19,9,3,-6
20,11,9,6,-3
21,18,4,9,5
66,83,9,2,-7
88,97,9,3,-6
11,12,9,4,-5
71,64,8,9,1
97,21,5,9,4
26,25,8,5,-3
36,24,7,8,1
83,67,8,8,0
14,61,8,3,-5
92,48,8,0,-8
25,89,2,8,6
28,99,8,3,-5
62,94,8,7,-1
64,84,4,8,4
12,30,1,8,7
99,36,4,8,4
64,70,8,8,0
67,69,8,7,-1
25,24,2,8,6
62,70,8,3,-5
34,89,4,8,4
79,70,8,3,-5
69,62,8,2,-6
36,28,3,8,5
71,70,8,2,-6
88,89,8,1,-7
48,59,4,8,4
19,23,8,5,-3
25,27,8,5,-3
62,59,2,8,6
68,63,8,1,-7
94,72,5,8,3
30,12,8,2,-6
95,69,3,8,5
84,69,7,8,1
67,95,3,8,5
61,72,5,8,3
22,99,8,5,-3
18,30,6,8,2
81,48,8,0,-8
11,25,3,8,5
95,65,7,5,-2
84,65,7,4,-3
81,47,7,0,-7
85,70,7,2,-5
19,24,3,7,4
22,11,7,2,-5
69,64,7,1,-6
99,11,7,0,-7
69,83,7,4,-3
72,61,7,4,-3
23,21,7,2,-5
24,36,4,7,3
66,62,7,2,-5
64,71,5,7,2
24,22,7,3,-4
59,70,7,0,-7
70,94,7,1,-6
89,24,1,7,6
90,26,1,7,6
60,59,7,1,-6
14,34,4,7,3
67,66,2,7,5
62,65,5,7,2
97,19,7,3,-4
22,19,7,2,-5
94,84,1,7,6
66,69,7,3,-4
62,84,7,4,-3
24,18,7,0,-7
66,67,2,7,5
20,99,7,2,-5
17,97,7,0,-7
22,12,7,0,-7
71,83,7,2,-5
17,25,7,7,0
94,66,7,6,-1
49,72,7,6,-1
48,26,6,7,1
97,22,5,7,2
85,79,7,4,-3
66,71,2,7,5
95,66,7,4,-3
22,26,5,7,2
17,99,7,0,-7
59,72,7,3,-4
62,61,7,0,-7
82,81,4,7,3
49,82,7,3,-4
70,59,1,6,5
34,99,6,0,-6
48,93,6,4,-2
76,43,4,6,2
27,11,6,3,-3
17,11,6,3,-3
71,66,1,6,5
22,28,5,6,1
27,30,1,6,5
49,47,6,0,-6
78,73,6,1,-5
14,17,1,6,5
85,59,1,6,5
25,34,5,6,1
84,95,0,6,6
61,79,6,1,-5
70,62,6,1,-5
47,79,5,6,1
25,26,6,4,-2
24,25,6,2,-4
21,90,2,6,4
17,19,6,0,-6
17,89,6,6,0
37,36,3,6,3
12,99,1,6,5
30,99,6,3,-3
68,69,6,6,0
11,30,0,6,6
26,30,0,6,6
26,99,6,5,-1
70,95,0,6,6
94,68,1,6,5
22,24,6,0,-6
82,70,6,2,-4
17,88,6,0,-6
30,11,6,1,-5
97,12,6,3,-3
17,34,2,6,4
85,93,6,2,-4
88,17,6,3,-3
97,26,3,6,3
62,60,6,5,-1
68,95,6,2,-4
68,83,5,6,1
74,82,6,6,0
59,49,6,4,-2
19,20,0,6,6
83,93,6,3,-3
94,65,6,2,-4
99,24,4,6,2
64,69,6,5,-1
81,79,6,2,-4
69,65,4,6,2
24,20,1,5,4
74,37,5,2,-3
93,85,5,0,-5
23,25,5,0,-5
89,88,5,1,-4
89,97,5,5,0
93,62,5,5,0
49,48,3,5,2
88,99,4,5,1
74,73,5,3,-2
48,30,0,5,5
28,26,5,5,0
99,23,5,4,-1
59,27,5,0,-5
21,17,5,2,-3
92,72,5,2,-3
95,70,2,5,3
97,30,0,5,5
79,85,5,2,-3
24,97,5,3,-2
89,17,0,5,5
63,71,5,3,-2
27,25,5,4,-1
93,30,1,5,4
34,30,5,2,-3
60,25,0,5,5
22,20,5,4,-1
61,59,5,2,-3
23,26,3,5,2
28,19,5,1,-4
99,19,5,4,-1
60,71,5,2,-3
19,21,5,5,0
99,20,0,5,5
63,62,5,4,-1
61,71,2,5,3
77,38,5,1,-4
36,23,5,5,0
84,64,3,5,2
23,99,3,5,2
60,81,0,5,5
72,85,5,2,-3
62,83,2,5,3
81,93,5,1,-4
95,83,5,2,-3
67,94,2,5,3
34,14,1,5,4
88,20,1,5,4
61,81,3,5,2
22,88,0,5,5
12,37,5,1,-4
21,20,5,4,-1
34,17,0,5,5
23,19,4,5,1
78,38,5,3,-2
93,83,2,5,3
18,34,1,5,4
69,93,5,3,-2
24,28,5,4,-1
48,75,4,5,1
75,48,5,2,-3
75,37,5,4,-1
26,28,2,5,3
84,93,5,0,-5
93,59,5,5,0
48,61,5,0,-5
69,95,1,5,4
75,47,5,2,-3
19,88,3,5,2
93,89,5,2,-3
89,11,4,5,1
60,49,5,0,-5
15,27,4,5,1
97,24,5,3,-2
93,60,5,3,-2
83,72,5,4,-1
64,72,5,4,-1
60,67,2,5,3
36,17,0,5,5
23,36,5,3,-2
66,92,3,5,2
47,49,4,5,1
48,82,4,4,0
68,71,4,1,-3
48,23,4,1,-3
24,27,3,4,1
61,67,1,4,3
75,60,0,4,4
12,24,4,1,-3
93,18,2,4,2
23,89,4,3,-1
59,94,0,4,4
63,70,4,0,-4
20,22,4,2,-2
89,34,2,4,2
11,60,1,4,3
22,27,4,2,-2
20,89,4,3,-1
63,83,4,2,-2
65,83,0,4,4
85,47,4,3,-1
48,49,3,4,1
69,70,4,1,-3
12,34,1,4,3
72,84,2,4,2
60,79,4,3,-1
71,69,2,4,2
49,36,2,4,2
60,70,4,3,-1
62,85,4,3,-1
67,62,4,0,-4
23,24,0,4,4
14,24,0,4,4
34,27,3,4,1
64,63,4,0,-4
59,48,4,1,-3
23,18,3,4,1
99,30,1,4,3
49,19,3,4,1
93,69,0,4,4
19,26,3,4,1
93,48,2,4,2
89,21,3,4,1
83,70,4,1,-3
21,27,4,2,-2
48,14,4,1,-3
74,81,1,4,3
97,20,1,4,3
28,90,3,4,1
14,72,4,3,-1
79,93,4,0,-4
59,20,1,4,3
47,59,3,4,1
75,85,4,1,-3
47,25,4,0,-4
28,27,3,4,1
18,14,3,4,1
83,59,1,4,3
95,64,4,0,-4
28,11,4,1,-3
60,64,0,4,4
93,63,4,0,-4
88,25,2,4,2
47,75,1,4,3
49,92,1,4,3
18,24,4,0,-4
94,59,4,0,-4
60,62,4,4,0
25,82,3,4,1
59,61,4,0,-4
97,36,1,4,3
61,83,1,4,3
47,81,4,0,-4
99,12,4,2,-2
11,27,4,0,-4
22,25,4,0,-4
99,97,2,4,2
59,97,2,4,2
70,71,4,3,-1
26,11,4,3,-1
14,27,4,4,0
64,62,4,3,-1
66,84,0,4,4
77,78,4,0,-4
20,23,4,3,-1
34,97,4,2,-2
24,99,4,0,-4
71,60,4,2,-2
48,85,4,2,-2
82,75,3,4,1
17,24,4,2,-2
43,38,4,3,-1
75,36,3,4,1
63,65,4,0,-4
47,72,2,4,2
19,89,2,4,2
93,14,4,2,-2
61,49,3,4,1
11,36,1,4,3
12,14,2,4,2
93,75,4,2,-2
65,63,4,1,-3
95,67,1,4,3
90,25,4,0,-4
24,19,4,1,-3
30,14,4,3,-1
28,24,4,2,-2
21,34,0,4,4
19,14,3,1,-2
21,25,2,3,1
71,62,3,0,-3
49,27,3,1,-2
84,94,1,3,2
79,59,2,3,1
47,85,3,1,-2
60,19,3,0,-3
49,93,2,3,1
85,84,3,0,-3
30,17,2,3,1
60,65,3,1,-2
14,89,2,3,1
62,66,3,2,-1
19,17,2,3,1
95,63,1,3,2
79,66,2,3,1
22,23,3,0,-3
60,11,3,0,-3
85,83,1,3,2
79,60,0,3,3
65,68,2,3,1
22,93,3,0,-3
75,81,3,3,0
85,68,3,0,-3
47,19,0,3,3
12,97,0,3,3
71,93,3,1,-2
60,84,2,3,1
66,85,3,0,-3
60,37,3,1,-2
64,65,3,2,-1
93,66,3,2,-1
24,12,3,3,0
26,18,2,3,1
67,68,2,3,1
47,11,3,1,-2
82,49,3,3,0
72,18,3,0,-3
83,63,3,0,-3
30,27,3,0,-3
27,35,3,2,-1
84,47,3,0,-3
24,34,0,3,3
62,67,3,1,-2
84,68,1,3,2
88,27,3,2,-1
47,70,3,0,-3
86,76,1,3,2
18,15,3,0,-3
93,95,3,3,0
94,71,2,3,1
49,14,3,1,-2
49,60,3,1,-2
59,88,3,3,0
21,23,1,3,2
67,72,3,1,-2
22,89,3,0,-3
12,21,2,3,1
85,64,3,0,-3
20,97,3,2,-1
66,72,3,1,-2
69,60,3,2,-1
63,85,0,3,3
62,63,3,2,-1
59,22,0,3,3
65,61,1,3,2
34,47,3,0,-3
71,65,1,3,2
95,71,2,3,1
85,61,3,0,-3
18,89,3,0,-3
14,26,3,0,-3
89,90,0,3,3
75,49,2,3,1
25,99,3,1,-2
18,20,1,3,2
70,69,2,3,1
15,34,0,3,3
20,26,2,3,1
89,27,3,1,-2
79,69,2,3,1
27,17,3,2,-1
89,26,3,0,-3
89,23,1,3,2
92,82,3,1,-2
88,12,3,2,-1
69,61,3,0,-3
34,25,3,2,-1
36,27,3,0,-3
59,60,3,1,-2
49,62,0,3,3
30,19,3,0,-3
26,21,3,1,-2
71,79,3,3,0
79,95,3,0,-3
88,22,1,3,2
18,98,3,2,-1
82,79,2,3,1
60,61,2,3,1
68,94,1,3,2
48,36,3,3,0
22,18,2,3,1
71,95,2,3,1
95,68,2,3,1
12,28,0,3,3
37,24,2,3,1
63,72,3,1,-2
27,97,3,2,-1
68,65,3,3,0
27,34,0,3,3
21,19,2,3,1
63,69,3,2,-1
66,65,3,1,-2
47,61,2,3,1
61,68,2,3,1
59,62,3,1,-2
97,34,0,3,3
22,59,0,3,3
11,82,3,3,0
27,26,3,1,-2
17,26,3,0,-3
83,61,3,0,-3
26,27,3,0,-3
23,20,1,3,2
63,95,3,1,-2
65,95,0,3,3
36,88,2,3,1
20,19,3,0,-3
20,90,3,2,-1
93,88,0,3,3
68,84,3,2,-1
88,24,3,3,0
83,62,2,3,1
14,11,3,1,-2
36,59,1,3,2
67,84,3,3,0
89,20,3,3,0
47,97,3,0,-3
18,26,3,2,-1
20,27,3,1,-2
49,85,3,3,0
66,64,1,3,2
60,69,3,3,0
65,67,3,3,0
37,93,2,3,1
66,70,3,1,-2
27,99,3,0,-3
19,36,3,2,-1
98,72,2,3,1
79,84,3,2,-1
20,28,1,3,2
28,14,1,3,2
79,64,2,3,1
61,69,3,3,0
90,88,2,3,1
48,62,0,3,3
37,48,3,0,-3
90,36,3,1,-2
21,12,2,3,1
37,30,0,3,3
70,83,2,3,1
22,21,3,0,-3
18,99,3,2,-1
59,30,2,3,1
71,61,3,0,-3
43,76,1,3,2
21,97,3,0,-3
67,59,3,0,-3
95,94,2,3,1
23,88,0,3,3
66,59,3,0,-3
26,22,0,3,3
77,73,3,0,-3
89,18,2,3,1
82,83,1,3,2
15,30,3,1,-2
82,62,1,2,1
73,86,2,2,0
12,17,0,2,2
81,70,0,2,2
89,12,2,0,-2
48,27,1,2,1
93,61,2,2,0
74,48,1,2,1
11,20,2,0,-2
65,84,2,0,-2
26,20,2,0,-2
92,62,2,0,-2
76,73,2,0,-2
83,95,0,2,2
48,72,2,1,-1
34,21,2,0,-2
67,60,2,2,0
88,98,0,2,2
88,49,0,2,2
66,60,0,2,2
49,79,2,2,0
60,63,2,0,-2
17,28,2,0,-2
49,37,2,0,-2
15,35,2,1,-1
74,47,2,1,-1
28,92,0,2,2
81,88,2,0,-2
37,20,1,2,1
81,36,0,2,2
61,65,2,0,-2
48,37,2,2,0
92,74,2,2,0
49,70,2,1,-1
17,48,2,1,-1
67,64,1,2,1
61,27,2,1,-1
90,24,1,2,1
82,93,0,2,2
37,11,2,1,-1
47,74,2,0,-2
81,25,0,2,2
67,61,1,2,1
21,99,1,2,1
66,61,2,1,-1
60,48,2,0,-2
61,93,2,0,-2
36,26,2,0,-2
97,37,0,2,2
47,82,2,2,0
26,24,1,2,1
23,17,2,2,0
49,88,2,1,-1
19,97,2,2,0
47,27,2,1,-1
67,83,2,0,-2
93,26,2,0,-2
72,81,1,2,1
25,97,2,0,-2
69,68,2,2,0
12,26,0,2,2
27,12,1,2,1
81,71,1,2,1
20,98,2,0,-2
93,72,2,1,-1
59,79,2,0,-2
83,71,2,0,-2
92,79,2,0,-2
89,98,2,0,-2
20,17,1,2,1
27,36,0,2,2
17,36,1,2,1
66,94,2,1,-1
72,68,0,2,2
60,68,0,2,2
89,99,1,2,1
49,89,2,0,-2
20,24,2,2,0
82,85,2,2,0
65,71,1,2,1
48,19,2,0,-2
27,22,0,2,2
37,18,1,2,1
27,59,2,0,-2
20,18,2,2,0
88,23,2,0,-2
19,72,2,2,0
22,36,0,2,2
27,19,2,0,-2
59,47,1,2,1
18,88,0,2,2
93,99,1,2,1
72,59,2,2,0
17,20,2,0,-2
23,90,2,2,0
81,61,2,1,-1
98,15,2,2,0
94,60,2,0,-2
86,43,2,1,-1
65,64,2,0,-2
24,14,2,1,-1
70,63,2,1,-1
66,93,1,2,1
27,14,2,2,0
21,28,2,0,-2
98,59,2,0,-2
47,36,0,2,2
70,93,2,1,-1
72,60,0,2,2
47,22,0,2,2
71,63,2,0,-2
97,14,0,2,2
66,48,2,0,-2
49,24,1,2,1
81,97,2,0,-2
68,85,1,2,1
90,21,2,0,-2
93,65,1,2,1
69,85,2,0,-2
79,48,1,2,1
67,85,2,0,-2
27,24,0,2,2
48,83,2,1,-1
60,17,0,2,2
27,18,2,1,-1
71,84,2,1,-1
93,27,0,2,2
14,99,1,2,1
82,48,1,2,1
60,24,1,2,1
72,21,0,2,2
19,90,1,2,1
84,81,0,2,2
49,97,2,0,-2
81,72,2,1,-1
89,48,2,1,-1
14,21,0,2,2
69,94,2,1,-1
89,49,1,2,1
62,68,2,2,0
59,64,2,0,-2
60,83,0,2,2
34,60,0,2,2
37,81,2,1,-1
48,34,2,1,-1
37,85,2,1,-1
63,93,2,1,-1
82,47,2,0,-2
15,98,2,1,-1
25,23,2,1,-1
17,59,2,0,-2
59,18,0,2,2
49,26,2,1,-1
81,49,2,1,-1
65,69,2,1,-1
19,28,0,2,2
59,83,0,2,2
93,70,2,2,0
90,27,2,1,-1
63,79,2,1,-1
61,62,1,2,1
75,11,2,0,-2
90,23,1,2,1
24,26,2,0,-2
14,90,2,0,-2
90,11,2,1,-1
81,21,2,0,-2
34,24,0,2,2
11,23,2,0,-2
64,85,2,0,-2
48,60,2,0,-2
82,25,2,2,0
99,34,2,1,-1
60,66,0,2,2
84,66,0,2,2
70,14,0,2,2
99,25,2,0,-2
12,88,0,2,2
24,48,0,2,2
72,93,2,0,-2
69,48,2,0,-2
88,18,1,2,1
83,94,2,2,0
82,71,2,1,-1
61,66,0,2,2
72,69,2,0,-2
48,99,2,2,0
48,81,2,0,-2
48,24,2,1,-1
72,48,2,0,-2
62,64,2,2,0
68,47,0,2,2
30,34,2,1,-1
97,98,2,0,-2
17,21,2,1,-1
70,61,2,1,-1
47,26,2,1,-1
79,61,2,1,-1
36,14,2,2,0
97,99,0,2,2
88,34,2,0,-2
47,93,2,1,-1
85,65,2,1,-1
34,26,2,0,-2
60,85,2,0,-2
26,12,2,0,-2
70,68,0,2,2
71,81,0,2,2
26,88,0,2,2
47,69,2,1,-1
79,83,0,2,2
26,36,2,2,0
23,12,2,2,0
85,63,1,2,1
14,12,2,2,0
79,62,1,2,1
74,93,2,0,-2
37,47,2,0,-2
47,30,1,2,1
49,63,1,1,0
83,79,1,1,0
20,12,0,1,1
64,79,1,0,-1
49,23,1,0,-1
25,14,1,1,0
47,99,0,1,1
23,22,1,0,-1
23,34,0,1,1
26,89,1,0,-1
24,82,0,1,1
93,81,1,0,-1
75,14,0,1,1
47,21,1,0,-1
59,67,1,0,-1
69,63,1,0,-1
14,25,1,0,-1
94,93,1,0,-1
22,90,1,0,-1
89,36,1,1,0
64,95,0,1,1
90,14,1,1,0
60,74,0,1,1
90,60,1,1,0
61,94,0,1,1
19,98,1,0,-1
17,23,1,0,-1
72,20,1,0,-1
36,12,1,0,-1
98,94,0,1,1
12,18,0,1,1
14,20,1,1,0
28,97,1,1,0
37,19,1,0,-1
11,14,0,1,1
20,25,0,1,1
21,60,1,0,-1
60,27,1,0,-1
99,90,1,0,-1
94,79,1,0,-1
89,25,1,0,-1
84,63,0,1,1
97,23,0,1,1
63,68,0,1,1
36,34,0,1,1
90,17,0,1,1
24,37,0,1,1
82,66,1,1,0
14,60,1,1,0
18,27,1,1,0
94,70,0,1,1
27,48,1,0,-1
27,37,1,0,-1
74,36,0,1,1
61,82,1,1,0
78,76,1,0,-1
28,66,1,0,-1
26,98,1,0,-1
24,70,1,0,-1
85,43,1,0,-1
61,63,1,0,-1
82,72,1,0,-1
98,27,1,1,0
95,84,1,1,0
98,23,1,0,-1
26,17,1,0,-1
20,14,0,1,1
90,18,1,0,-1
61,11,1,1,0
34,19,1,0,-1
81,89,1,1,0
59,11,1,0,-1
15,20,0,1,1
66,81,1,0,-1
23,98,1,1,0
70,17,1,0,-1
98,11,1,1,0
14,98,0,1,1
66,24,0,1,1
22,48,1,0,-1
73,21,0,1,1
25,36,1,0,-1
99,28,0,1,1
81,20,1,0,-1
49,15,0,1,1
83,65,0,1,1
65,92,1,0,-1
70,81,1,0,-1
22,30,0,1,1
72,70,1,0,-1
70,85,1,0,-1
89,38,1,1,0
48,43,0,1,1
19,34,1,1,0
93,78,1,1,0
60,95,0,1,1
14,81,0,1,1
48,67,0,1,1
24,15,0,1,1
24,88,1,1,0
61,84,0,1,1
99,48,1,1,0
75,97,0,1,1
59,84,1,0,-1
49,22,1,0,-1
34,23,0,1,1
27,88,0,1,1
17,15,0,1,1
49,59,0,1,1
59,37,1,0,-1
14,18,1,1,0
81,60,1,1,0
72,83,1,0,-1
30,23,1,0,-1
28,30,0,1,1
17,35,1,0,-1
61,30,1,0,-1
90,34,1,1,0
81,75,0,1,1
61,70,1,0,-1
88,82,1,0,-1
59,95,1,0,-1
79,67,0,1,1
89,81,1,0,-1
69,59,1,1,0
47,84,0,1,1
60,36,1,0,-1
65,60,0,1,1
85,60,1,1,0
93,49,1,1,0
99,47,0,1,1
48,20,1,0,-1
37,12,1,1,0
81,64,0,1,1
95,59,1,1,0
85,75,0,1,1
34,48,1,0,-1
81,17,0,1,1
75,78,0,1,1
34,37,1,0,-1
72,34,1,1,0
59,12,1,0,-1
75,72,1,0,-1
83,64,1,1,0
70,65,0,1,1
72,92,0,1,1
75,93,1,0,-1
71,94,1,0,-1
86,73,1,1,0
68,72,0,1,1
84,59,1,0,-1
61,88,0,1,1
81,24,0,1,1
74,17,1,0,-1
93,76,1,1,0
23,74,0,1,1
79,74,1,0,-1
60,89,0,1,1
48,11,1,1,0
17,71,0,1,1
73,78,0,1,1
19,49,0,1,1
71,19,1,0,-1
88,48,1,1,0
60,20,1,0,-1
70,66,1,1,0
11,72,0,1,1
25,98,1,1,0
81,83,1,0,-1
21,93,1,0,-1
17,14,0,1,1
26,93,1,0,-1
30,21,1,1,0
79,63,1,1,0
47,88,1,0,-1
81,62,1,1,0
19,99,0,1,1
68,79,0,1,1
70,72,1,0,-1
34,12,1,1,0
49,64,0,1,1
64,68,1,0,-1
95,60,1,0,-1
48,84,0,1,1
90,98,0,1,1
14,93,1,0,-1
24,98,1,0,-1
15,97,1,0,-1
34,36,0,1,1
25,21,1,1,0
66,79,0,1,1
49,61,1,1,0
82,27,1,1,0
84,60,0,1,1
21,48,1,0,-1
73,37,1,0,-1
21,37,1,0,-1
94,61,0,1,1
48,70,1,0,-1
22,75,1,0,-1
63,94,1,1,0
89,66,0,1,1
14,69,1,1,0
81,34,0,1,1
49,18,1,1,0
82,11,1,1,0
12,19,1,0,-1
15,89,0,1,1
49,83,0,1,1
89,72,1,0,-1
88,15,0,1,1
82,28,0,1,1
72,98,0,1,1
72,49,1,0,-1
23,37,1,0,-1
99,14,0,1,1
86,71,1,0,-1
14,49,1,1,0
14,30,1,0,-1
66,76,0,1,1
11,21,0,1,1
59,75,0,1,1
22,17,1,0,-1
72,99,0,1,1
36,11,1,0,-1
68,67,1,1,0
74,86,1,0,-1
72,24,1,0,-1
88,59,1,1,0
48,88,1,1,0
84,61,1,0,-1
93,11,1,0,-1
17,12,1,0,-1
47,60,0,1,1
76,38,1,0,-1
28,48,1,0,-1
63,66,1,1,0
99,17,1,0,-1
65,66,1,1,0
59,17,1,0,-1
48,22,0,1,1
97,83,1,0,-1
62,15,1,0,-1
90,19,1,1,0
83,60,1,1,0
86,64,0,1,1
36,48,1,1,0
72,62,1,0,-1
72,67,0,1,1
24,90,0,1,1
59,81,1,0,-1
20,21,1,1,0
65,93,1,0,-1
85,72,1,1,0
14,67,0,1,1
93,84,1,1,0
17,22,1,0,-1
99,18,1,1,0
75,82,1,1,0
47,64,0,1,1
67,65,0,1,1
26,19,1,1,0
81,30,0,1,1
25,72,1,1,0
89,73,0,1,1
62,92,1,0,-1
92,83,1,0,-1
85,69,0,1,1
28,12,1,0,-1
34,64,0,1,1
47,24,1,0,-1
60,34,1,0,-1
67,82,1,0,-1
59,68,1,0,-1
14,19,1,0,-1
85,48,0,1,1
66,82,1,0,-1
99,88,0,1,1
28,36,0,1,1
81,85,1,0,-1
18,97,1,0,-1
34,81,1,0,-1
92,36,0,1,1
24,93,1,0,-1
49,69,0,1,1
64,61,1,0,-1
64,81,1,0,-1
69,72,0,1,1
83,85,1,0,-1
47,83,0,1,1
82,59,1,0,-1
25,48,1,0,-1
34,18,0,1,1
93,12,0,1,1
47,62,1,1,0
28,22,1,1,0
85,95,1,0,-1
72,66,1,1,0
59,34,1,0,-1
93,43,1,0,-1
75,79,0,1,1
92,22,0,1,1
17,60,0,1,1
93,15,0,1,1
65,85,1,1,0
89,19,1,1,0
49,98,0,1,1
79,71,1,1,0
93,36,1,0,-1
28,25,1,1,0
14,23,1,1,0
85,76,0,1,1
12,15,0,1,1
36,22,1,0,-1
60,72,0,1,1
28,89,1,0,-1
60,93,1,0,-1
12,36,0,1,1
23,11,1,1,0
69,79,0,1,1
84,72,0,1,1
28,20,0,1,1
24,30,0,1,1
64,94,0,1,1
30,15,0,1,1
79,75,0,1,1
14,28,0,1,1
27,49,0,1,1
27,98,0,1,1
11,37,1,0,-1
67,30,1,0,-1
93,92,0,1,1
99,26,1,1,0
36,89,0,1,1
15,90,1,0,-1
59,26,1,1,0
94,85,1,0,-1
62,98,1,0,-1
19,15,1,0,-1
93,86,0,1,1
65,94,0,1,1
30,97,1,0,-1
72,79,0,1,1
72,37,1,1,0
81,65,0,1,1
73,24,1,0,-1
34,92,0,1,1
75,12,1,0,-1
12,89,1,0,-1
30,59,1,0,-1
60,30,1,0,-1
83,74,0,1,1
27,21,1,0,-1
97,49,0,1,1
84,49,0,1,1
90,12,1,1,0
84,30,1,1,0
12,20,1,0,-1
62,81,1,1,0
81,82,1,1,0
72,95,1,0,-1
11,47,1,0,-1
92,75,1,0,-1
79,81,0,1,1
93,71,1,0,-1
14,95,0,1,1
81,23,1,1,0
19,25,1,0,-1
66,68,0,1,1
20,37,1,0,-1
73,77,1,0,-1
82,64,0,1,1
60,21,1,0,-1
82,17,1,1,0
25,19,1,1,0
81,11,0,1,1
75,59,0,1,1
89,64,0,1,1
21,88,1,0,-1
90,22,1,0,-1
60,73,0,1,1
49,90,1,0,-1
68,59,0,1,1
64,93,1,0,-1
25,20,0,1,1
76,37,1,0,-1
89,70,1,0,-1
79,68,0,1,1
59,99,1,1,0
72,15,0,1,1
98,99,0,1,1
61,85,1,0,-1
92,61,1,0,-1
14,88,0,1,1
48,74,1,1,0
59,85,0,1,1
14,36,0,1,1
59,21,1,0,-1
81,84,0,1,1
90,20,1,1,0
88,72,1,0,-1
